code,nom,description
code 1,nom 1,description 1
code 2,nom 2,description 2
code 3,nom 3,description 3
code 4,nom 4,description 4
code 5,nom 5,description 5
code 6,nom 6,description 6
code 7,nom 7,description 7
code 8,nom 8,description 8
code 9,nom 9,description 9
code 10,nom 10,description 10
code 11,nom 11,description 11
code 12,nom 12,description 12
code 13,nom 13,description 13
code 14,nom 14,description 14
code 15,nom 15,description 15
code 16,nom 16,description 16
code 17,nom 17,description 17
code 18,nom 18,description 18
code 19,nom 19,description 19
code 20,nom 20,description 20
