title,slug,content,category_id,user_id
Introduction au développement web,introduction-au-developpement-web,Un guide pour débuter dans le développement web.,1,1
Les bases de JavaScript,les-bases-de-javascript,Comprendre les fondamentaux de JavaScript.,1,1
Développement avec Laravel,developpement-avec-laravel,Un aperçu des bases de Laravel.,2,1
Les meilleures pratiques de code,les-meilleures-pratiques-de-code,Adoptez les bonnes pratiques en programmation.,2,1
Vue.js pour les débutants,vuejs-pour-les-debutants,Commencer avec le framework Vue.js.,3,1
Les concepts fondamentaux de React,concepts-fondamentaux-de-react,Une introduction à React.,3,1
Optimisation des performances web,optimisation-des-performances-web,Astuces pour rendre votre site plus rapide.,4,1
Sécurité des applications web,securite-des-applications-web,Protéger vos applications contre les vulnérabilités.,4,1
L'importance des tests automatisés,l-importance-des-tests-automatise,Pourquoi les tests sont essentiels en développement.,5,1
Git pour les développeurs débutants,git-pour-les-developpeurs-debutants,Apprenez les bases de Git et du contrôle de version.,5,1
