name,description,domain_id
name 1,description 1,domain_id 1
name 2,description 2,domain_id 2
name 3,description 3,domain_id 3
name 4,description 4,domain_id 4
name 5,description 5,domain_id 5
name 6,description 6,domain_id 6
name 7,description 7,domain_id 7
name 8,description 8,domain_id 8
name 9,description 9,domain_id 9
name 10,description 10,domain_id 10
name 11,description 11,domain_id 11
name 12,description 12,domain_id 12
name 13,description 13,domain_id 13
name 14,description 14,domain_id 14
name 15,description 15,domain_id 15
name 16,description 16,domain_id 16
name 17,description 17,domain_id 17
name 18,description 18,domain_id 18
name 19,description 19,domain_id 19
name 20,description 20,domain_id 20
