commentaire,dateCommentaire,realisation_tache_id,formateur_id,apprenant_id
commentaire 1,dateCommentaire 1,realisation_tache_id 1,formateur_id 1,apprenant_id 1
commentaire 2,dateCommentaire 2,realisation_tache_id 2,formateur_id 2,apprenant_id 2
commentaire 3,dateCommentaire 3,realisation_tache_id 3,formateur_id 3,apprenant_id 3
commentaire 4,dateCommentaire 4,realisation_tache_id 4,formateur_id 4,apprenant_id 4
commentaire 5,dateCommentaire 5,realisation_tache_id 5,formateur_id 5,apprenant_id 5
commentaire 6,dateCommentaire 6,realisation_tache_id 6,formateur_id 6,apprenant_id 6
commentaire 7,dateCommentaire 7,realisation_tache_id 7,formateur_id 7,apprenant_id 7
commentaire 8,dateCommentaire 8,realisation_tache_id 8,formateur_id 8,apprenant_id 8
commentaire 9,dateCommentaire 9,realisation_tache_id 9,formateur_id 9,apprenant_id 9
commentaire 10,dateCommentaire 10,realisation_tache_id 10,formateur_id 10,apprenant_id 10
commentaire 11,dateCommentaire 11,realisation_tache_id 11,formateur_id 11,apprenant_id 11
commentaire 12,dateCommentaire 12,realisation_tache_id 12,formateur_id 12,apprenant_id 12
commentaire 13,dateCommentaire 13,realisation_tache_id 13,formateur_id 13,apprenant_id 13
commentaire 14,dateCommentaire 14,realisation_tache_id 14,formateur_id 14,apprenant_id 14
commentaire 15,dateCommentaire 15,realisation_tache_id 15,formateur_id 15,apprenant_id 15
commentaire 16,dateCommentaire 16,realisation_tache_id 16,formateur_id 16,apprenant_id 16
commentaire 17,dateCommentaire 17,realisation_tache_id 17,formateur_id 17,apprenant_id 17
commentaire 18,dateCommentaire 18,realisation_tache_id 18,formateur_id 18,apprenant_id 18
commentaire 19,dateCommentaire 19,realisation_tache_id 19,formateur_id 19,apprenant_id 19
commentaire 20,dateCommentaire 20,realisation_tache_id 20,formateur_id 20,apprenant_id 20
