nom,ordre,description,formateur_id
nom 1,ordre 1,description 1,formateur_id 1
nom 2,ordre 2,description 2,formateur_id 2
nom 3,ordre 3,description 3,formateur_id 3
nom 4,ordre 4,description 4,formateur_id 4
nom 5,ordre 5,description 5,formateur_id 5
nom 6,ordre 6,description 6,formateur_id 6
nom 7,ordre 7,description 7,formateur_id 7
nom 8,ordre 8,description 8,formateur_id 8
nom 9,ordre 9,description 9,formateur_id 9
nom 10,ordre 10,description 10,formateur_id 10
nom 11,ordre 11,description 11,formateur_id 11
nom 12,ordre 12,description 12,formateur_id 12
nom 13,ordre 13,description 13,formateur_id 13
nom 14,ordre 14,description 14,formateur_id 14
nom 15,ordre 15,description 15,formateur_id 15
nom 16,ordre 16,description 16,formateur_id 16
nom 17,ordre 17,description 17,formateur_id 17
nom 18,ordre 18,description 18,formateur_id 18
nom 19,ordre 19,description 19,formateur_id 19
nom 20,ordre 20,description 20,formateur_id 20
