dateDebut,dateFin,tache_id,realisation_projet_id,etat_realisation_tache_id
dateDebut 1,dateFin 1,tache_id 1,realisation_projet_id 1,etat_realisation_tache_id 1
dateDebut 2,dateFin 2,tache_id 2,realisation_projet_id 2,etat_realisation_tache_id 2
dateDebut 3,dateFin 3,tache_id 3,realisation_projet_id 3,etat_realisation_tache_id 3
dateDebut 4,dateFin 4,tache_id 4,realisation_projet_id 4,etat_realisation_tache_id 4
dateDebut 5,dateFin 5,tache_id 5,realisation_projet_id 5,etat_realisation_tache_id 5
dateDebut 6,dateFin 6,tache_id 6,realisation_projet_id 6,etat_realisation_tache_id 6
dateDebut 7,dateFin 7,tache_id 7,realisation_projet_id 7,etat_realisation_tache_id 7
dateDebut 8,dateFin 8,tache_id 8,realisation_projet_id 8,etat_realisation_tache_id 8
dateDebut 9,dateFin 9,tache_id 9,realisation_projet_id 9,etat_realisation_tache_id 9
dateDebut 10,dateFin 10,tache_id 10,realisation_projet_id 10,etat_realisation_tache_id 10
dateDebut 11,dateFin 11,tache_id 11,realisation_projet_id 11,etat_realisation_tache_id 11
dateDebut 12,dateFin 12,tache_id 12,realisation_projet_id 12,etat_realisation_tache_id 12
dateDebut 13,dateFin 13,tache_id 13,realisation_projet_id 13,etat_realisation_tache_id 13
dateDebut 14,dateFin 14,tache_id 14,realisation_projet_id 14,etat_realisation_tache_id 14
dateDebut 15,dateFin 15,tache_id 15,realisation_projet_id 15,etat_realisation_tache_id 15
dateDebut 16,dateFin 16,tache_id 16,realisation_projet_id 16,etat_realisation_tache_id 16
dateDebut 17,dateFin 17,tache_id 17,realisation_projet_id 17,etat_realisation_tache_id 17
dateDebut 18,dateFin 18,tache_id 18,realisation_projet_id 18,etat_realisation_tache_id 18
dateDebut 19,dateFin 19,tache_id 19,realisation_projet_id 19,etat_realisation_tache_id 19
dateDebut 20,dateFin 20,tache_id 20,realisation_projet_id 20,etat_realisation_tache_id 20
