"name","guard_name","reference"
"root","web","046fa62a-9c2c-4a68-bde4-f6acf0e34a09"
"gapp","web","d2fd691d-ea60-4352-b166-fee73aca0971"
"admin","web","b5e517cb-86dc-4d84-9803-9ac9799de14f"
"formateur","web","d93062be-1923-47a2-8c8d-ac617a1f28fa"
"apprenant","web","41afc23a-6a20-42b3-a491-521bca2742ae"
"administrateur","web","3249808c-713e-41c9-8e05-5fbe56d5649b"
"responsable","web","112a6858-f2ab-40a5-abb0-171f0d016af4"
"membre","web","e9b503f3-e48a-495e-9102-8dfee0ce06d2"
"admin-formateur","web","628b35df-4e31-4b45-b313-1d5941be1a20"
"evaluateur","web","evaluateur"